sku,player_name,card_year,brand_set,variant,is_graded,allocated_cost,listing_date,purchase_id
VTG0001,VJ Edgecombe,2025,Topps Chrome,Rookie Refractor #253,raw,0.00,2026-02-07,489
VTG0002,Moises Ballesteros,2023,Bowman Chrome,Rookie Auto #CPA-MBS,raw,0.00,2026-02-11,489
VTG0003,Roman Anthony,2023,Bowman,1st Bowman #BP-107,raw,2.00,2026-02-21,484
VTG0004,Roman Anthony,2023,Bowman,1st Bowman #BP-107,raw,2.00,2026-02-21,484
VTG0005,Roman Anthony,2023,Bowman,1st Bowman #BP-107,raw,2.00,2026-02-21,484
VTG0006,Roman Anthony,2023,Bowman,1st Bowman #BP-107,raw,2.00,2026-02-21,484
VTG0007,Roman Anthony,2023,Bowman,1st Bowman #BP-107,raw,2.00,2026-02-21,484
VTG0008,Roman Anthony,2023,Bowman,1st Bowman #BP-107,raw,2.00,2026-02-21,484
VTG0009,Roman Anthony,2023,Bowman,1st Bowman #BP-107,raw,2.00,2026-02-21,484
VTG0010,Roman Anthony,2023,Bowman,1st Bowman #BP-107,raw,2.00,2026-02-21,484
VTG0011,Roman Anthony,2023,Bowman,1st Bowman #BP-107,raw,2.00,2026-02-21,484
VTG0012,Roman Anthony,2023,Bowman,1st Bowman #BP-107,raw,2.00,2026-02-21,484
VTG0013,Roman Anthony,2023,Bowman,1st Bowman #BP-107,raw,2.00,2026-02-21,484
VTG0014,Roman Anthony,2023,Bowman,1st Bowman #BP-107,raw,2.00,2026-02-21,484
VTG0015,Roman Anthony,2023,Bowman,1st Bowman #BP-107,raw,2.00,2026-02-21,484
VTG0016,Roman Anthony,2023,Bowman,1st Bowman #BP-107,raw,2.00,2026-02-21,484
VTG0017,Roman Anthony,2023,Bowman,1st Bowman #BP-107,raw,2.00,2026-02-21,484
VTG0018,Roman Anthony,2023,Bowman,1st Bowman #BP-107,raw,2.00,2026-02-21,484
VTG0019,Roman Anthony,2023,Bowman,1st Bowman #BP-107,raw,2.00,2026-02-21,484
VTG0020,Roman Anthony,2023,Bowman,1st Bowman #BP-107,raw,2.00,2026-02-21,484
VTG0021,Roman Anthony,2023,Bowman,1st Bowman #BP-107,raw,2.00,2026-02-21,484
VTG0022,Roman Anthony,2023,Bowman,1st Bowman #BP-107,raw,2.00,2026-02-21,484
VTG0023,Wyatt Langford,2024,Topps Chrome,X-Fractor RC #122,PSA 10,48.69,2026-02-23,457
VTG0024,Seiya Suzuki,2022,Topps Chrome Black,Gold Refractor /50 #14,PSA 9,62.68,2026-02-25,458
VTG0025,Xavier Isaac,2023,Bowman Chrome,Aqua Shimmer /125 #BCP-145,raw,17.49,2026-02-27,459
VTG0026,Colton Cowser,2024,Topps Chrome,RC #278,PSA 10,18.36,2026-02-27,490
VTG0027,Colton Cowser,2024,Topps Chrome,RC #278,PSA 10,18.36,2026-02-27,490
VTG0028,Colton Cowser,2024,Topps Chrome,RC #278,PSA 10,18.36,2026-02-27,490
VTG0029,Colton Cowser,2024,Topps Chrome,RC #278,PSA 10,18.36,2026-02-27,490
VTG0030,Jackson Chourio,2024,Topps Chrome,RC #161,PSA 10,54.54,2026-03-06,379
VTG0031,Ceddanne Rafaela,2024,Topps Chrome,X-Fractor RC #118,PSA 10,48.58,2026-03-06,380
VTG0032,Elly De La Cruz,2022,Bowman Chrome,1st Bowman #BCP-50,PSA 10,49.22,2026-03-08,381
VTG0033,Corbin Carroll,2023,Topps Chrome,RC #95,PSA 10,27.77,2026-03-13,382
VTG0034,Gunnar Henderson,2023,Topps Chrome Sapphire,RC #206,PSA 10,156.24,2026-03-15,383
VTG0035,Jayden Daniels,2024,Panini Prizm,RC #347,PSA 10,57.11,2026-02-02,384
VTG0036,Joe Burrow,2020,Panini Prizm,RC #307,PSA 10,97.01,2026-01-01,489
VTG0037,Jim Hannan,1970,Topps,Vintage High Number #697,raw,0.00,2026-01-01,488
VTG0038,Checklist,1972,Topps,Checklist Vintage #251,raw,0.00,2026-01-01,488
VTG0039,Gaylord Perry,1971,Topps,Vintage #140,raw,0.00,2026-01-01,488
VTG0040,Valentine,1971,Topps,Vintage #188,raw,0.00,2026-01-01,488
VTG0041,Frank Baker,1971,Topps,Vintage #689,raw,0.00,2026-01-01,488
VTG0042,George Thomas,1971,Topps,Vintage #678,raw,0.00,2026-01-01,488
VTG0043,Willie Stargell,1972,Topps,Vintage #343,raw,0.00,2026-01-01,488
VTG0044,Cecil Upshaw,1969,Topps,Vintage #568,raw,0.00,2026-01-01,488
VTG0045,Ron Brand,1969,Topps,Vintage #549,raw,0.00,2026-01-01,488
VTG0046,Frank Fernandez,1969,Topps,Vintage #557,raw,0.00,2026-01-01,488
VTG0047,Tim Cullen,1969,Topps,Vintage #586,raw,0.00,2026-01-01,488
VTG0048,Dick Green,1969,Topps,Vintage #515,raw,0.00,2026-01-01,488
VTG0049,Bob Watson,1969,Topps,Vintage #562,raw,0.00,2026-01-01,488
VTG0050,Don Mason,1969,Topps,Vintage #584,raw,0.00,2026-01-01,488
VTG0051,Earl Wilson,1969,Topps,Vintage #525,raw,0.00,2026-01-01,488
VTG0052,Jim Ray Hart,1969,Topps,Vintage #555,raw,0.00,2026-01-01,488
VTG0053,Orlando Cepeda,1969,Topps,Vintage #385,raw,0.00,2026-01-01,488
VTG0054,Sam McDowell,1969,Topps,Vintage #150,raw,0.00,2026-01-01,488
VTG0055,Billy Williams,1972,Topps,Vintage #440,raw,0.00,2026-01-01,488
VTG0056,Larry Jaster,1969,Topps,Vintage #496,raw,0.00,2026-01-01,488
VTG0057,Jerry Koosman,1969,Topps,Vintage #434,raw,0.00,2026-01-01,488
VTG0058,Billy McCool,1968,Topps,Vintage #597,raw,0.00,2026-01-01,488
VTG0059,Don Bryant,1970,Topps,Vintage #473,raw,0.00,2026-01-01,488
VTG0060,Buzz Stephen,1970,Topps,Vintage RC #533,raw,0.00,2026-01-01,488
VTG0061,Sam McDowell,1970,Topps,Vintage #469,raw,0.00,2026-01-01,488
VTG0062,Danny Murtaugh,1970,Topps,Vintage #532,raw,0.00,2026-01-01,488
VTG0063,Bob Aspromonte,1970,Topps,Vintage #529,raw,0.00,2026-01-01,488
VTG0064,Ron Reed,1970,Topps,Vintage #546,raw,0.00,2026-01-01,488
VTG0065,Willie Horton,1970,Topps,Vintage #520,raw,0.00,2026-01-01,488
VTG0066,Billy Harris,1970,Topps,Vintage #512,raw,0.00,2026-01-01,488
VTG0067,Don McMahon,1970,Topps,Vintage #519,raw,0.00,2026-01-01,488
VTG0068,Joe Hoerner,1970,Topps,Vintage #511,raw,0.00,2026-01-01,488
VTG0069,Terry Harmon,1970,Topps,Vintage #486,raw,0.00,2026-01-01,488
VTG0070,Bill Freehan,1970,Topps,Vintage #335,raw,0.00,2026-01-01,488
VTG0071,STL Cardinals,1992,McDonalds,3 Sealed Packs,raw,0.00,2026-01-01,488
VTG0072,Dylan Crews,2025,Topps Update Series,Mystical RC #MYS-20,raw,0.00,2026-01-01,489
VTG0073,Drake Baldwin,2025,Bowman Chrome,Mojo Refractor RC #75,raw,0.69,2026-03-20,485
VTG0074,Kristian Campbell,2025,Bowman Chrome,Mojo Refractor RC #58,raw,0.69,2026-03-20,485
VTG0075,Montreal Expos,1970,Topps,Vintage Team Card #509,raw,0.00,2026-01-01,488
VTG0076,Clyde Wright,1970,Topps,Vintage #543,raw,0.00,2026-01-01,488
VTG0077,James Wood,2025,Topps Update Series,Bleacher Reachers RC #BR-11,raw,0.00,2026-01-01,489
VTG0078,Matt Shaw,2025,Topps Update Series,RC #US200,raw,0.00,2026-01-01,489
VTG0079,Graig Nettles,1970,Topps,Vintage #491,raw,0.00,2026-01-01,488
VTG0080,Alvin Dark,1970,Topps,Vintage #524,raw,0.00,2026-01-01,488
VTG0081,Eddie Watt,1970,Topps,Vintage #497,raw,0.00,2026-01-01,488
VTG0082,Dino Radja,1996,Upper Deck Collectors Choice,Players Club Platinum,raw,0.00,2026-01-01,488
VTG0083,Derrick Coleman,1996,Upper Deck Collectors Choice,Players Club Platinum,raw,0.00,2026-01-01,488
VTG0084,Brailyn Marquez,2021,Topps,Image Variation SP RC #404,raw,0.00,2026-01-01,489
VTG0085,Giannis Antetokounmpo,2025,Panini,5 Card Lot,raw,0.00,2026-01-01,489
VTG0086,Andy Kosco,1970,Topps,Vintage #535,raw,0.00,2026-01-01,488
VTG0087,Ellie Hendricks,1970,Topps,Vintage #528,raw,0.00,2026-01-01,488
VTG0088,Mike Kekich,1970,Topps,Vintage #536,raw,0.00,2026-01-01,488
VTG0089,Baltimore Orioles,1969,Fleer,Vintage Real Cloth Patch,raw,0.00,2026-01-01,488
VTG0090,Minnesota Twins,1969,Fleer,Vintage Real Cloth Patch,raw,0.00,2026-01-01,488
VTG0091,Tommie Agee,1970,Topps,Vintage Poster,raw,0.00,2026-01-01,488
VTG0092,Joe Gibbon,1970,Topps,Vintage #517,raw,0.00,2026-01-01,488
VTG0093,Larry Stahl,1970,Topps,Vintage #494,raw,0.00,2026-01-01,488
VTG0094,Atlanta Braves,1970,Topps,Vintage Team Card #472,raw,0.00,2026-01-01,488
VTG0095,Cincinnati Reds,1970,Topps,Vintage Team Card #544,raw,0.00,2026-01-01,488
VTG0096,Tim McCarver,1970,Topps,Vintage #90,raw,0.00,2026-01-01,488
VTG0097,Cal Koonce,1970,Topps,Vintage #521,raw,0.00,2026-01-01,488
VTG0098,Don Wilson,1970,Topps,Vintage #515,raw,0.00,2026-01-01,488
VTG0099,Bill Melton,1970,Topps,Vintage #518,raw,0.00,2026-01-01,488
VTG0100,John Mabry,1997,Topps,Season Highlights #102,raw,0.00,2026-01-01,488
VTG0101,Mark Sears,2025,Bowman Chrome U,Black Wave Refractor #99,raw,0.00,2026-01-01,489
VTG0102,Alex Karaban,2025,Bowman Chrome U,1st Bowman #100,raw,0.00,2026-01-01,489
VTG0103,Dylan Harper,2025,Bowman Chrome U,Warriors of the Paint #WP-9,raw,0.00,2026-01-01,489
VTG0104,John Ellis,1970,Topps,Vintage RC #516,raw,0.00,2026-01-01,488
VTG0105,Curt Flood,1970,Topps,Vintage #360,raw,0.00,2026-01-01,488
VTG0106,Bill Freehan,1970,Topps,Vintage #465,raw,0.00,2026-01-01,488
VTG0107,Dick Schofield,1970,Topps,Vintage #251,raw,0.00,2026-01-01,488
VTG0108,Tommie Agee,1970,Topps,Vintage World Series #307,raw,0.00,2026-01-01,488
VTG0109,Mike Cuellar,1970,Topps,Vintage AL Playoffs #199,raw,0.00,2026-01-01,488
VTG0110,Montreal Expos,1970,Topps,Vintage Team Card #509,raw,0.00,2026-01-01,488
VTG0111,Jerry Koosman,1969,Topps,Vintage Sporting News #434,raw,0.00,2026-01-01,488
VTG0112,Jim Ray,1971,Topps,Vintage #242,raw,0.00,2026-01-01,488
VTG0113,Tom Griffin,1971,Topps,Vintage #471,raw,0.00,2026-01-01,488
VTG0114,Jim Hannan,1971,Topps,Vintage #229,raw,0.00,2026-01-01,488
VTG0115,Paul Casanova,1971,Topps,Vintage #139,raw,0.00,2026-01-01,488
VTG0116,Clyde Wright,1971,Topps,Vintage #240,raw,0.00,2026-01-01,488
VTG0117,John Mayberry,1971,Topps,Vintage #148,raw,0.00,2026-01-01,488
VTG0118,Bruce Dal Canton,1971,Topps,Vintage #168,raw,0.00,2026-01-01,488
VTG0119,Bob Robertson,1971,Topps,Vintage #255,raw,0.00,2026-01-01,488
VTG0120,Victor Robles,2026,Topps,Gold /2026 #160,raw,0.00,2026-01-01,489
VTG0121,Richie Hebner,1971,Topps,Vintage #212,raw,0.00,2026-01-01,488
VTG0122,Marcelino Lopez,1971,Topps,Vintage #137,raw,0.00,2026-01-01,488
VTG0123,Phil Hennigan,1971,Topps,Vintage #211,raw,0.00,2026-01-01,488
VTG0124,Dave Nelson,1971,Topps,Vintage #241,raw,0.00,2026-01-01,488
VTG0125,Jim Williams,1971,Topps,Vintage RC #262,raw,0.00,2026-01-01,488
VTG0126,Gil Garrido,1971,Topps,Vintage #173,raw,0.00,2026-01-01,488
VTG0127,Cecil Upshaw,1971,Topps,Vintage #223,raw,0.00,2026-01-01,488
VTG0128,Wilbur Wood,1971,Topps,Vintage #436,raw,0.00,2026-01-01,488
VTG0129,Mack Jones,1971,Topps,Vintage #142,raw,0.00,2026-01-01,488
VTG0130,Ron Brand,1971,Topps,Vintage #304,raw,0.00,2026-01-01,488
VTG0131,Dave Marshall,1971,Topps,Vintage #259,raw,0.00,2026-01-01,488
VTG0132,Steve Blass,1971,Topps,Vintage #143,raw,0.00,2026-01-01,488
VTG0133,Gerry Moses,1971,Topps,Vintage #205,raw,0.00,2026-01-01,488
VTG0134,Tom Griffin,1971,Topps,Vintage #471,raw,0.00,2026-01-01,488
VTG0135,Floyd Weaver,1971,Topps,Vintage #227,raw,0.00,2026-01-01,488
VTG0136,Elliot Maddox,1971,Topps,Vintage #11,raw,0.00,2026-01-01,488
VTG0137,Ron Bryant,1971,Topps,Vintage #621,raw,0.00,2026-01-01,488
VTG0138,Ken Rudolph,1971,Topps,Vintage #472,raw,0.00,2026-01-01,488
VTG0139,Harry Walker,1971,Topps,Vintage #312,raw,0.00,2026-01-01,488
VTG0140,Frank Duffy,1971,Topps,Vintage #164,raw,0.00,2026-01-01,488
VTG0141,Mickey Lolich,1971,Topps,Vintage #133,raw,0.00,2026-01-01,488
VTG0142,Hal Mcrae,1971,Topps,Vintage #177,raw,0.00,2026-01-01,488
VTG0143,Tony Cloninger,1971,Topps,Vintage #218,raw,0.00,2026-01-01,488
VTG0144,Bobby Tolan,1971,Topps,Vintage NL Playoffs #200,raw,0.00,2026-01-01,488
VTG0145,Tito Fuentes,1971,Topps,Vintage #378,raw,0.00,2026-01-01,488
VTG0146,Matas Buzelis,2025,Donruss Optic,RC #271,raw,0.00,2026-01-01,489
VTG0147,VJ Edgecombe,2026,Topps,RC #203,raw,0.00,2026-01-01,489
VTG0148,Bobby Wine,1971,Topps,Vintage #171,raw,0.00,2026-01-01,488
VTG0149,Joe Hoerner,1971,Topps,Vintage #166,raw,0.00,2026-01-01,488
VTG0150,John Cumberland,1971,Topps,Vintage #108,raw,0.00,2026-01-01,488
VTG0151,Philadelphia Phillies,1971,Topps,Vintage Team Card #268,raw,0.00,2026-01-01,488
VTG0152,Steve Mingori,1971,Topps,Vintage RC #612,raw,0.00,2026-01-01,488
VTG0153,Ty Cline,1971,Topps,Vintage #201,raw,0.00,2026-01-01,488
VTG0154,Alan Gallagher,1971,Topps,Vintage RC #224,raw,0.00,2026-01-01,488
VTG0155,Phil Gagliano,1971,Topps,Vintage #302,raw,0.00,2026-01-01,488
VTG0156,Al Downing,1971,Topps,Vintage #182,raw,0.00,2026-01-01,488
VTG0157,John Ellis,1971,Topps,Vintage #263,raw,0.00,2026-01-01,488
VTG0158,Willie Montanez,1971,Topps,Vintage Rookie Stars #138,raw,0.00,2026-01-01,488
VTG0159,Player,1971,Topps,Vintage #,raw,0.00,2026-01-01,488
VTG0160,Konnor Griffin,2025,Donruss,Diamond Marvels RC #5,raw,0.69,2026-03-20,485
VTG0161,Jackson Holliday,2024,Topps Update Series,RC #US50,raw,0.69,2026-03-20,485
VTG0162,Jackson Holliday,2024,Topps Heritage,RC #692,raw,0.69,2026-03-20,485
VTG0163,Bobby Witt Jr,2025,Topps,Rainbow Foilboard #100,raw,0.00,2026-01-01,489
VTG0164,Luisangel Acuna,2025,Bowman Chrome,Mojo Refractor RC #83,raw,0.69,2026-03-20,485
VTG0165,Jackson Holliday,2024,Donruss,Rated Prospect #184,raw,0.69,2026-03-20,485
VTG0166,Shota Imanaga,2024,Topps Heritage,Rookie Performers RC #RP-11,raw,0.69,2026-03-20,485
VTG0167,Shota Imanaga,2024,Topps Heritage,RC #564,raw,0.69,2026-03-20,485
VTG0168,Wyatt Langford,2024,Topps Heritage,RC #581,raw,0.00,2026-01-01,489
VTG0169,Player,1971,Topps,Vintage #,raw,0.00,2026-01-01,488
VTG0170,Jackson Merrill,2024,Topps Heritage,RC #689,raw,0.69,2026-03-20,485
VTG0171,Jackson Merrill,2024,Topps Heritage,Dark Blue Border RC #689,raw,0.69,2026-03-20,485
VTG0172,Roki Sasaki,2025,Topps Allen & Ginter,Silver Portrait RC #92,raw,0.69,2026-03-20,485
VTG0173,Gunnar Henderson,2023,Topps,RC #206,raw,0.69,2026-03-20,485
VTG0174,Dalton Rushing,2025,Bowman Chrome,Red Badge RC #100,raw,0.69,2026-03-20,485
VTG0175,Jacob Wilson,2025,Bowman,RC #9,raw,0.69,2026-03-20,485
VTG0176,Ken Griffey Jr,1999,Skybox Metal Universe,MLPD #273,raw,0.69,2026-03-20,485
VTG0177,Ken Griffey Jr,2000,Ultimate Victory,Base #86,raw,0.69,2026-03-20,485
VTG0178,Babe Ruth,1985,Topps,Circle K #2,raw,0.69,2026-03-20,485
VTG0179,Chipper Jones,1994,Score,Prospect #572,raw,0.69,2026-03-20,485
VTG0180,Bob Gibson,2024,Topps Heritage,1975 Retires #75R-10,raw,0.00,2026-01-01,489
VTG0181,Nolan Ryan,1990,Topps,HOF #2,raw,0.69,2026-03-20,485
VTG0182,Nolan Ryan,1990,Topps,HOF #1,raw,0.69,2026-03-20,485
VTG0183,Nolan Ryan,1990,Topps,HOF #4,raw,0.69,2026-03-20,485
VTG0184,Mike Piazza,1993,Donruss,Rated Rookie RC #209,raw,0.69,2026-03-20,485
VTG0185,Hank Aaron,1985,Topps,Circle K #1,raw,0.69,2026-03-20,485
VTG0186,Dylan Crews,2025,Topps,Silver Cracked Foilboard #74,raw,0.69,2026-03-20,485
VTG0187,Shohei Ohtani,2024,Topps Heritage,League Leaders #307,raw,0.69,2026-03-20,485
VTG0188,Nick Kurtz,2025,Topps Allen & Ginter,Silver Portrait RC #,raw,0.69,2026-03-20,485
VTG0189,Bo Jackson,1990,Topps,Base #300,raw,0.00,2026-01-01,488
VTG0190,Manny Ramirez,1993,Bowman,Foil #365,raw,0.69,2026-03-20,485
VTG0191,Frank Baker,1970,Topps,Vintage High Number #704,raw,0.00,2026-01-01,488
VTG0192,Kon Kneuppel,2025,Topps,8 Bit Ballers RC #8B-34,raw,0.00,2026-01-01,489
VTG0193,Gaylord Perry,1972,Topps,Vintage #285,raw,0.00,2026-01-01,488
VTG0194,Billy Wynne,1971,Topps,Vintage High Number #718,raw,0.00,2026-01-01,488
VTG0195,Marv Staehle,1971,Topps,Vintage High Number #663,raw,0.00,2026-01-01,488
VTG0196,Jim Roland,1971,Topps,Vintage #642,raw,0.00,2026-01-01,488
VTG0197,Walt Williams,1971,Topps,Vintage #555,raw,0.00,2026-01-01,488
VTG0198,Kon Kneuppel,2025,Topps,RC # 204,raw,0.00,2026-01-01,489
VTG0199,Matty Alou,1970,Topps,Vintage All Star #460,raw,0.00,2026-01-01,488
VTG0200,Bob Johnson,1970,Topps,Vintage High Number #693,raw,0.00,2026-01-01,488
VTG0201,Woodie Fryman,1970,Topps,Vintage High Number #677,raw,0.00,2026-01-01,488
VTG0202,Al Weis,1970,Topps,Vintage #498,raw,0.00,2026-01-01,488
VTG0203,Jackie Smith,1969,Topps,Vintage #43,raw,0.00,2026-01-01,488
VTG0204,Bob Allison,1970,Topps,Vintage High Number #635,raw,0.00,2026-01-01,488
VTG0205,Donn Clendenon,1970,Topps,Vintage World Series #306,raw,0.00,2026-01-01,488
VTG0206,Junior Caminero,2026,Topps,Green Diamante Foil /99 #328,raw,0.00,2026-01-01,489
VTG0207,Michael Jordan,1996,Upper Deck,Jordan Tribute #MJ18,raw,0.00,2026-01-01,488
VTG0208,Jim Campanis,1970,Topps,Vintage High Number #671,raw,0.00,2026-01-01,488
VTG0209,Dave Campbell,1970,Topps,Vintage High Number #639,raw,0.00,2026-01-01,488
VTG0210,Ed Kranepool,1969,Topps,Vintage #381,raw,0.00,2026-01-01,488
VTG0211,Cade Horton,2025,Bowman Chrome,RC Fuchsia Refractor /199 #,raw,0.00,2026-01-01,489
VTG0212,Larry Bowa,1970,Topps,Vintage Rookie Stars #539,raw,0.00,2026-01-01,488
VTG0213,Bart Johnson,1970,Topps,Vintage High Number #669,raw,0.00,2026-01-01,488
VTG0214,Paolo Banchero,2024,Panini Mosaic,Thunder Road Blue Seismic /149 #,PSA 9,0.00,2026-01-01,489
VTG0215,Hyeseong Kim,2025,Topps Chrome L/E,RC #152,raw,0.00,2026-01-01,489
VTG0216,Jim Britton,1970,Topps,Vintage High Number #646,raw,0.00,2026-01-01,488
VTG0217,Gary Ross,1970,Topps,Vintage High Number #694,raw,0.00,2026-01-01,488
VTG0218,Denny McLain,1970,Topps,Vintage All Star #467,raw,0.00,2026-01-01,488
VTG0219,Jefferson Rojas,2023,Bowman,1st Bowman Purple /250 #BP-70,raw,0.00,2026-01-01,489
VTG0220,Roman Anthony,2023,Bowman,1st Bowman #BP-107,raw,2.00,2026-02-21,484
VTG0221,Roman Anthony,2023,Bowman,1st Bowman #BP-107,raw,2.00,2026-02-21,484
VTG0222,Roman Anthony,2023,Bowman,1st Bowman #BP-107,raw,2.00,2026-02-21,484
VTG0223,Roman Anthony,2023,Bowman,1st Bowman #BP-107,raw,2.00,2026-02-21,484
VTG0224,Roman Anthony,2023,Bowman,1st Bowman #BP-107,raw,2.00,2026-02-21,484
VTG0225,Roki Sasaki,2025,Bowman Chrome,RC #12,raw,0.00,2026-01-01,489
VTG0226,Roman Anthony,2023,Bowman,1st Bowman #BP-107,raw,2.00,2026-02-21,484
VTG0227,Roman Anthony,2023,Bowman,1st Bowman #BP-107,raw,2.00,2026-02-21,484
VTG0228,Roman Anthony,2023,Bowman,1st Bowman #BP-107,raw,2.00,2026-02-21,484
VTG0229,Victor Wembanyama,2023,NBA Hoops,RC Silver Prizm #108,raw,0.00,2026-01-01,489
VTG0230,Mixed Players,1993,Upper Deck,Mixed Set,raw,0.00,2026-01-01,488
VTG0231,Dylan Harper,2025,Topps,Roundball Remnants Patch #RRR-DH,raw,0.00,2026-01-01,489
VTG0232,Jefferson Rojas,2023,Bowman Chrome,1st Bowman Lunar Glow Refractor #BCP-70,raw,0.00,2026-01-01,489
VTG0233,Ace Bailey,2025,Topps Chrome,Xfractor RC #255,raw,0.00,2026-01-01,489
VTG0234,Glenn Beckert,1965,Topps,Vintage Rub Off,raw,0.00,2026-01-01,488
VTG0235,Drake Maye,2024,Panini Select,RC #27,raw,0.00,2026-01-01,489
VTG0236,VJ Edgecombe,2025,Topps Chrome,Refractor RC #253,raw,0.00,2026-01-01,489
VTG0237,Jasson Dominguez,2024,Topps Update Series,RC #US175,raw,0.69,2026-03-20,485
VTG0238,Bob Allison,1970,Topps,Vintage High Number #653,raw,0.00,2026-01-01,488
VTG0239,Willie Mayes,1969,Topps,Vintage # 582,raw,0.00,2026-01-01,488
VTG0240,Luis Tant,1969,Topps,Vintage #560,raw,0.00,2026-01-01,488
VTG0241,Miami Heat,9999,Mixed Sets,Mixed Set,raw,0.00,2026-01-01,489
VTG0242,Hough,1972,Topps,Vintage Rookie Stars #198,raw,0.00,2026-01-01,488
VTG0243,Jack Billingham,1970,Topps,Vintage High Number #701,raw,0.00,2026-01-01,488
VTG0244,Ken Boswell,1969,Topps,Vintage #402,raw,0.00,2026-01-01,488
VTG0245,Willie Stargell,1970,Topps,Vintage #470,raw,0.00,2026-01-01,488
VTG0246,Houston Rockets,9999,Mixed Sets,Mixed Set,raw,0.00,2026-01-01,489
VTG0247,Nikola Jokic,9999,Mixed Sets,Mixed Set,raw,0.00,2026-01-01,489
VTG0248,Michael Jordan,1996,Upper Deck,Jordan Tribute #MJ16,raw,0.00,2026-01-01,488
VTG0249,Leroy Kelly,1969,Topps,Vintage #,raw,0.00,2026-01-01,488
VTG0250,John Roseboro,1970,Topps,Vintage High Number #655,raw,0.00,2026-01-01,488
VTG0251,Bart Johnson,1970,Topps,Vintage High Number #669,raw,0.00,2026-01-01,488
VTG0252,Tony Oliva,1968,Topps,Vintage #371,raw,0.00,2026-01-01,488
VTG0253,Boston Celtics,9999,Mixed Sets,Mixed Set,raw,0.00,2026-01-01,489
VTG0254,Lou Brock,1970,Topps,Vintage Poster,raw,0.00,2026-01-01,488
VTG0255,Luka Doncic,9999,Mixed Sets,Mixed Set,raw,0.00,2026-01-01,489
VTG0256,OKC Thunder,9999,Mixed Sets,Mixed Set,raw,0.00,2026-01-01,489
VTG0257,Mixed Players,9999,Mixed Sets,Mixed Set,raw,0.00,2026-01-01,489
VTG0258,Shai Gilgeous Alexander,9999,Panini,Mixed Set,raw,0.00,2026-01-01,489
VTG0259,Mixed Players,9999,Topps Chrome L/E,Mixed Set,raw,0.00,2026-01-01,489
VTG0260,Chicago Bulls,9999,Mixed Sets,Mixed Set,raw,0.00,2026-01-01,489
VTG0261,Mixed Players,9999,Mixed Sets,Mixed Set,raw,0.00,2026-01-01,489
VTG0262,Willie Stargell,1972,Topps,Vintage Boyhood Photos #343,raw,0.00,2026-01-01,488
VTG0263,Drake Maye,2024,Panini Select,Numbers RC #20,raw,0.00,2026-01-01,489
VTG0264,Michael Jordan,1995,Upper Deck Collectors Choice,Jordan Tribute #JC10,raw,0.00,2026-01-01,488
VTG0265,Michael Jordan,1996,Upper Deck,Jordan Tribute #MJ12,raw,0.00,2026-01-01,488
VTG0266,Michael Jordan,1996,Upper Deck,Jordan Tribute #MJ22,raw,0.00,2026-01-01,488
VTG0267,Michael Jordan,1996,Upper Deck,Jordan Tribute #MJ27,raw,0.00,2026-01-01,488
VTG0268,Woody Fyrman,1970,Topps,Vintage High Number #677,raw,0.00,2026-01-01,488
VTG0269,Mark McGwire,1989,Starting Lineup,Base #,raw,0.00,2026-01-01,488
VTG0270,Mark McGwire,1987,Donruss,RC #1,raw,0.00,2026-01-01,488
VTG0271,Hoyt Wilhelm,1971,Topps,Vintage #248,raw,0.00,2026-01-01,488
VTG0272,Michael Jordan,1989,Coca Cola,Base #,raw,0.00,2026-01-01,488
VTG0273,Michael Jordan,1995,Upper Deck Collectors Choice,Hes Back Set,raw,0.00,2026-01-01,488
VTG0274,Michael Jordan,1996,Upper Deck,Jordan Tribute #MJ24,raw,0.00,2026-01-01,488
VTG0275,Bob Allison,1970,Topps,Vintage High Number #653,raw,0.00,2026-01-01,488
VTG0276,Tommie Agee,1969,Topps,Vintage #364,raw,0.00,2026-01-01,488
VTG0277,Gary Ross,1970,Topps,Vintage High Number #694,raw,0.00,2026-01-01,488
VTG0278,Michael Jordan,1995,Upper Deck Collectors Choice,Jordan Tribute #JC11,raw,0.00,2026-01-01,488
VTG0279,Michael Jordan,1996,Upper Deck,Jordan Tribute #MJ29,raw,0.00,2026-01-01,488
VTG0280,Michael Jordan,1996,Upper Deck,Jordan Tribute #MJ26,raw,0.00,2026-01-01,488
VTG0281,Michael Jordan,1996,Upper Deck,Jordan Tribute #MJ2,raw,0.00,2026-01-01,488
VTG0282,Cooper Flagg,2025,Topps,RC #201,raw,0.00,2026-01-01,489
VTG0283,Mixed Players,9999,Mixed Sets,Mixed Set,raw,0.00,2026-01-01,489
VTG0284,Mixed Players,9999,Mixed Sets,Mixed Set,raw,0.00,2026-01-01,489
VTG0285,Johnny Bench,1970,Topps,Vintage #11,raw,0.00,2026-01-01,488
VTG0286,Ted Kubiak,1970,Topps,Vintage High Number #688,raw,0.00,2026-01-01,488
VTG0287,Cooper Flagg,2025,Topps Holiday,RC #H161,raw,0.00,2026-01-01,489
VTG0288,Anthony Edwards,9999,Mixed Sets,Mixed Set,raw,0.00,2026-01-01,489
VTG0289,Mickey Lolich,1970,Topps,Vintage High Number #715,raw,0.00,2026-01-01,488
VTG0290,Alexandre Sarr,2024,Panini Mosaic,Genesis Prizm RC #278,PSA 9,0.00,2026-01-01,489
VTG0291,Bo Jackson,1987,Donruss,RC #35,raw,0.00,2026-01-01,488
VTG0292,Steve Hovley,1970,Topps,Vintage #514,raw,0.00,2026-01-01,488
VTG0293,Drake Maye,2024,Panini Zenith,Marquee RC #3,raw,0.00,2026-01-01,489
VTG0294,Ken Boswell,1969,Topps,Vintage #402,raw,0.00,2026-01-01,488
VTG0295,Drake Maye,2024,Topps Signature Class,Gridiron Ambassadors RC #GA-3,raw,0.00,2026-01-01,489
VTG0296,Bo Jackson,1987,Fleer,RC #369,raw,0.00,2026-01-01,488
VTG0297,Michael Jordan,1996,Upper Deck,Jumbo Card /15000 ,raw,0.00,2026-01-01,488
VTG0298,Michael Jordan,1990,Upper Deck Collectors Choice,Base #,raw,0.00,2026-01-01,488
VTG0299,Stephen Curry,9999,Topps`,Mixed Set,raw,0.00,2026-01-01,489
VTG0300,Carl Yastrzemski,1969,Topps,Vintage #425,raw,0.00,2026-01-01,488
VTG0301,Ace Bailey,2025,Topps,Green Refractor RC /99 #205,raw,0.00,2026-01-01,489
VTG0302,Michael Jordan,1996,Upper Deck,Jordan Tribute #MJ25,raw,0.00,2026-01-01,488
VTG0303,Jerry Koosman,1969,Topps,Vintage #90,raw,0.00,2026-01-01,488
VTG0304,Michael Jordan,1996,Upper Deck,Jordan Tribute #MJ9,raw,0.00,2026-01-01,488
VTG0305,Michael Jordan,1996,Upper Deck,Jordan Tribute #MJ7,raw,0.00,2026-01-01,488
VTG0306,Michael Jordan,1996,Upper Deck,Jordan Tribute #MJ13,raw,0.00,2026-01-01,488
VTG0307,Dave Parker,1974,Topps,Vintage #252,raw,0.00,2026-01-01,488
VTG0308,Lance Alworth,1969,Topps,Vintage #69,raw,0.00,2026-01-01,488
VTG0309,Vince Coleman,1985,Topps Traded,RC #24T,raw,0.00,2026-01-01,488
VTG0310,Michael Jordan,1996,Upper Deck Collectors Choice,Jordan Dynasty /23000 #JD3,raw,0.00,2026-01-01,488
VTG0311,Michael Jordan,1994,Upper Deck Collectors Choice,French Variation #23,raw,0.00,2026-01-01,488
VTG0312,Michael Jordan,1996,Upper Deck,Jordan Tribute #MJ3,raw,0.00,2026-01-01,488
VTG0313,Michael Jordan,1996,Upper Deck,Jordan Tribute #MJ4,raw,0.00,2026-01-01,488
VTG0314,Michael Jordan,1996,Upper Deck,Jordan Tribute #MJ8,raw,0.00,2026-01-01,488
VTG0315,Michael Jordan,1996,Upper Deck Collectors Choice,Jordan Tribute # MJ14,PSA 9,0.00,2026-01-01,488
VTG0316,Frank Baker,1970,Topps,Vintage High Number #704,raw,0.00,2026-01-01,488
VTG0317,Bob Tillman,1970,Topps,Vintage High Number #668,raw,0.00,2026-01-01,488
VTG0318,Jackie Hernandez,1970,Topps,Vintage High Number #686,raw,0.00,2026-01-01,488
VTG0319,Bobby Knoop,1970,Topps,Vintage High Number #695,raw,0.00,2026-01-01,488
VTG0320,Bob Johnson,1970,Topps,Vintage High Number #693,raw,0.00,2026-01-01,488
VTG0321,Cleveland Indians,1970,Topps,Vintage High Number #637,raw,0.00,2026-01-01,488
VTG0322,Jim Britton,1970,Topps,Vintage High Number #646,raw,0.00,2026-01-01,488
VTG0323,Jim Hannan,1970,Topps,Vintage High Number #697,raw,0.00,2026-01-01,488
VTG0324,Jim Lonborg,1970,Topps,Vintage High Number #665,raw,0.00,2026-01-01,488
VTG0325,Dave Leonhard,1970,Topps,Vintage High Number #674,raw,0.00,2026-01-01,488
VTG0326,Tom Tresh,1970,Topps,Vintage High Number #698,raw,0.00,2026-01-01,488
VTG0327,Bob Robertson,1970,Topps,Vintage High Number #664,raw,0.00,2026-01-01,488
VTG0328,Gerry Nyman,1970,Topps,Vintage High Number #644,raw,0.00,2026-01-01,488
VTG0329,Jasson Dominguez,2024,Topps Heritage,RC #399,raw,0.69,2026-03-20,485
VTG0330,Michael Jordan,1996,Upper Deck,Mixed Set,raw,0.00,2026-01-01,488
VTG0331,Drake Maye,2024,Panini Select,Red Yellow Shock RC #218,raw,0.00,2026-01-01,489
VTG0332,Tom Haller,1970,Topps,Vintage High Number #685,raw,0.00,2026-01-01,488
VTG0333,Larry Haney,1970,Topps,Vintage High Number #648,raw,0.00,2026-01-01,488
VTG0334,Michael Jordan,1996,Upper Deck,Sealed Box,raw,0.00,2026-01-01,488
VTG0335,Lou Marone,1970,Topps,Vintage High Number #703,raw,0.00,2026-01-01,488
VTG0336,Hakeem Olajuwon,1995,Upper Deck Collectors Choice,Platinum Players Club #363,raw,0.00,2026-01-01,488
VTG0337,Willie McCovey,1970,Topps,Vintage #572,raw,0.00,2026-01-01,488
VTG0338,Don Drysdale,1969,Topps,Vintage #400,raw,0.00,2026-01-01,488
VTG0339,Carl Yastrzemski,1969,Topps,Vintage #425,raw,0.00,2026-01-01,488
VTG0340,Frank Robinson,1970,Topps,Vintage All Star #463,raw,0.00,2026-01-01,488
VTG0341,Frank Robinson,1972,Topps,Vintage #100,raw,0.00,2026-01-01,488
VTG0342,Willie McCovey,1970,Topps,Vintage #250,raw,0.00,2026-01-01,488
VTG0343,Joe Morgan,1970,Topps,Vintage #537,raw,0.00,2026-01-01,488
VTG0344,Willie McCovey,1969,Topps,Vintage #416,raw,0.00,2026-01-01,488
VTG0345,Rod Carew,1970,Topps,Vintage #290,raw,0.00,2026-01-01,488
VTG0346,Don Meredith,1969,Topps,Vintage #75,raw,0.00,2026-01-01,488
VTG0347,Fred Biletnikoff,1969,Topps,Vintage #201,raw,0.00,2026-01-01,488
VTG0348,Billy Williams,1968,Topps,Vintage # 37,raw,0.00,2026-01-01,488
VTG0349,Al Kaline,1971,Topps,Vintage #180,raw,0.00,2026-01-01,488
VTG0350,Carl Yastrzemski,1969,Topps,Vintage #425,raw,0.00,2026-01-01,488
VTG0351,Michael Jordan,1996,Upper Deck,Open Box,raw,0.00,2026-01-01,488
VTG0352,Moe Drabowsky,1970,Topps,Vintage High Number #653,raw,0.00,2026-01-01,488
VTG0353,Gerry Nyman,1970,Topps,Vintage High Number #644,raw,0.00,2026-01-01,488
VTG0354,Gary Ross,1970,Topps,Vintage High Number #694,raw,0.00,2026-01-01,488
VTG0355,Jim Campanis,1970,Topps,Vintage High Number #671,raw,0.00,2026-01-01,488
VTG0356,Bud Harrelson,1970,Topps,Vintage High Number #634,raw,0.00,2026-01-01,488
VTG0357,Cooper Flagg,2025,Topps,RC #201,raw,0.00,2026-01-01,489
VTG0358,Dalton Jones,1970,Topps,Vintage High Number #682,raw,0.00,2026-01-01,488
VTG0359,Moe Drabowsky,1970,Topps,Vintage High Number #653,raw,0.00,2026-01-01,488
VTG0360,Al Kaline,1969,Topps,Vintage #410,raw,0.00,2026-01-01,488
VTG0361,Bo Jackson,1986,Donruss,RC #38,raw,0.00,2026-01-01,488
VTG0362,Washington Senators,1970,Topps,Vintage High Number #676,raw,0.00,2026-01-01,488
VTG0363,Washington Senators,1970,Topps,Vintage High Number #676,raw,0.00,2026-01-01,488
VTG0364,Tony Cloninger,1970,Topps,Vintage High Number #705,raw,0.00,2026-01-01,488
VTG0365,John McNamara,1970,Topps,Vintage High Number #706,raw,0.00,2026-01-01,488
VTG0366,Pete Ward,1970,Topps,Vintage High Number #659,raw,0.00,2026-01-01,488
VTG0367,Derek Jeter,1992,Front Row,RC #55,raw,0.00,2026-01-01,488
VTG0368,Hal McRae,1970,Topps,Vintage High Number #683,raw,0.00,2026-01-01,488
VTG0369,Ron Fairly,1970,Topps,Vintage High Number #690,raw,0.00,2026-01-01,488
VTG0370,Barry Sanders,2024,Topps Signature Class,Fluidity #F-16,raw,0.00,2026-01-01,489
VTG0371,Tom Tresh,1970,Topps,Vintage High Number #698,raw,0.00,2026-01-01,488
VTG0372,Joe Morgan,1972,Topps,Vintage #132,raw,0.00,2026-01-01,488
VTG0373,Willie Stargell,1971,Topps,Vintage #230,raw,0.00,2026-01-01,488
VTG0374,Dave Concepcion,1972,Topps,Vintage #267,raw,0.00,2026-01-01,488
VTG0375,Tommie Agee,1969,Topps,Vintage #364,raw,0.00,2026-01-01,488
VTG0376,Rick Reichardt,1970,Topps,Vintage High Number #720,raw,0.00,2026-01-01,488
VTG0377,Bob Allison,1970,Topps,Vintage High Number #635,raw,0.00,2026-01-01,488
VTG0378,Willie Stargell,1970,Topps,Vintage #470,raw,0.00,2026-01-01,488
VTG0379,Roger Clemens,1985,Fleer,RC #155,raw,0.00,2026-01-01,488
VTG0380,Rollie Fingers,1970,Topps,Vintage #502,raw,0.00,2026-01-01,488
VTG0381,Brooks Robinson,1969,Topps,Vintage Sporting News #421,raw,0.00,2026-01-01,488
VTG0382,Flory Bidunga,2024,Bowman Chrome U,1st Green Wave Refractor Autograph /85 #,raw,0.00,2026-01-01,489
VTG0383,Ted Kubiak,1970,Topps,Vintage High Number #688,raw,0.00,2026-01-01,488
VTG0384,Nolan Ryan,1979,Topps,Vintage #115,raw,0.00,2026-01-01,488
VTG0385,Nolan Ryan,1976,Topps,Vintage #330,raw,0.00,2026-01-01,488
VTG0386,Mike Hedlund,1971,Topps,Vintage High Number #662,raw,0.00,2026-01-01,488
VTG0387,Ron Swoboda,1969,Topps,Vintage #585,raw,0.00,2026-01-01,488
VTG0388,Jose Canseco,1986,Donruss,RC #39,raw,0.00,2026-01-01,488
VTG0389,Kirby Puckett,1985,Donruss,RC #438,raw,0.00,2026-01-01,488
VTG0390,Pete Ward,1970,Topps,Vintage High Number #659,raw,0.00,2026-01-01,488
VTG0391,Carlton Fisk,1972,Topps,Vintage RC #79,raw,0.00,2026-01-01,488
VTG0392,Adolfo Phillips,1970,Topps,Vintage High Number #666,raw,0.00,2026-01-01,488
VTG0393,Bud Harrelson,1970,Topps,Vintage High Number #634,raw,0.00,2026-01-01,488
VTG0394,Pete Rose,1971,Topps,Vintage #100,raw,0.00,2026-01-01,488
VTG0395,Reynolds,1971,Topps,Vintage High Number #664,raw,0.00,2026-01-01,488
VTG0396,Boog Powell,1962,Topps,Vintage RC #99,raw,0.00,2026-01-01,488
VTG0397,Seattle Pilots,1970,Topps,Vintage High Number #713,raw,0.00,2026-01-01,488
VTG0398,Bill Zepp,1970,Topps,Vintage High Number #702,raw,0.00,2026-01-01,488
VTG0399,JJ McCarthy,2024,Panini Mosaic,Reactive Blue Prizm RC #310,raw,0.00,2026-01-01,489
VTG0400,Marvin Harrison Jr,2024,Panini Prizm,Green Wave Prizm RC #375,raw,0.00,2026-01-01,489
VTG0401,Brock Bowers,2024,Panini Select,Red Yellow Shock RC # ,raw,0.00,2026-01-01,489
VTG0402,Luka Doncic,2024,Panini Mosaic,Epic Performers Silver #,raw,0.00,2026-01-01,489
VTG0403,Tom Seaver,1969,Topps,Vintage # 480,raw,0.00,2026-01-01,488
VTG0404,Lou Brock,1968,Topps,Vintage # 520,raw,0.00,2026-01-01,488
VTG0405,Nolan Ryan,1975,Topps,Vintage #500,raw,0.00,2026-01-01,488
VTG0406,Rollie Fingers,1970,Topps,Vintage #502,raw,0.00,2026-01-01,488
VTG0407,Roberto Clemente,1973,Topps,Vintage #50,raw,0.00,2026-01-01,488
VTG0408,Hank Aaron,1970,Topps,Vintage #462,raw,0.00,2026-01-01,488
VTG0409,Roberto Clemente,1972,Topps,Vintage #309,raw,0.00,2026-01-01,488
VTG0410,Jim Palmer,1969,Topps,Vintage #573,raw,0.00,2026-01-01,488
VTG0411,Chase Shugart,2025,Topps Update Series,Black Holofoil /10 RC #US47,raw,0.00,2026-01-01,489
VTG0412,Anthony Edwards,2024,Panini Prizm Monopoly,Millionaire Gold Shimmer /500 #88,raw,0.00,2026-01-01,489
VTG0413,JJ McCarthy,2024,Panini Prizm,Green Wave Prizm RC #400,raw,0.00,2026-01-01,489
VTG0414,Tetairoa McMillan,2025,Panini Origins,Rookie Jumbo Jersey Autograph #RJJ-TET,raw,0.00,2026-01-01,489
VTG0415,Tyler Shough,2025,Panini Origins,The Rookies RC #117,raw,0.00,2026-01-01,489
VTG0416,Cooper Flagg,2025,Topps Chrome,RC #251,raw,0.00,2026-01-01,489
VTG0417,Cooper Flagg,2025,Topps,RC #205,raw,0.00,2026-01-01,489
VTG0418,Marvin Bagley III,2024,Panini Mosaic,Genesis Prizm #,raw,0.00,2026-01-01,489
VTG0419,Kerby Joseph,2024,Panini Select,Blue Orange Prizm Shock /35 #177,raw,0.00,2026-01-01,489
VTG0420,JJ McCarthy,2024,Panini Contenders,RC Dual Patch #,raw,0.00,2026-01-01,489
VTG0421,Zach Edey,2024,Panini Prizm,Orange Ice RC #249,raw,0.00,2026-01-01,489
VTG0422,John Lynch,2024,Panini Zenith,4th Down Black /25 #95,raw,0.00,2026-01-01,489
VTG0423,Mixed Players,2024,Panini Select,Mixed Set,raw,0.00,2026-01-01,489
VTG0424,Drake Maye,2024,Panini Contenders,RC Patch #RTS-DME,raw,0.00,2026-01-01,489
VTG0425,Victor Wembanyama,2024,Panini Mosaic,Jam Masters Mosaic Green Prizm #4,raw,0.00,2026-01-01,489
VTG0426,Drake Maye,2024,Panini Illusions,Illusionist RC #2,raw,0.00,2026-01-01,489
VTG0427,Ajay Mitchell,2024,Panini Select,Orange Flash RC #194,raw,0.00,2026-01-01,489
VTG0428,Cam Skattebo,2025,Donruss,RC Purple Press Proof #302,raw,0.00,2026-01-01,489
VTG0429,Patrick Mahomes,2024,Panini Zenith,Zoned In Patch #ZI-PMS,raw,0.00,2026-01-01,489
VTG0430,Jevon Carter,2024,Panini Mosaic,Scripts Autograph #MS-JVN,raw,0.00,2026-01-01,489
VTG0431,Zaccharie Risacher,2024,Panini Prizm,Orange Ice RC #265,raw,0.00,2026-01-01,489
VTG0432,Kaleb Johnson,2025,Score,Green Spectrum /99 RC #12,raw,0.00,2026-01-01,489
VTG0433,Jaxson Dart,2025,Donruss,RC #400,raw,0.00,2026-01-01,489
VTG0434,Cam Skattebo,2025,Donruss,RC #302,raw,0.00,2026-01-01,489
VTG0435,JJ McCarthy,2024,Panini Prizm,Silver Prizm RC #400,raw,0.00,2026-01-01,489
VTG0436,Harrison Ingram,2024,Panini Mosaic,Rookie Scripts Autograph RC #RS-ING,raw,0.00,2026-01-01,489
VTG0437,Kevin Garnett,2024,Panini Prizm,Orange Seismic /199 #283,raw,0.00,2026-01-01,489
VTG0438,Josh Allen,2024,Panini Mosaic,Reactive Blue Prizm #22,raw,0.00,2026-01-01,489
VTG0439,Jalen Green,2024,Panini Mosaic,Orange Fluorescent /25 #131,raw,0.00,2026-01-01,489
VTG0440,Matas Buzelis,2024,Panini Prizm,Orange Ice RC#252,raw,0.00,2026-01-01,489
VTG0441,Jayden Daniels,2024,Panini Prizm,Emergent RC #2,raw,0.00,2026-01-01,489
VTG0442,Ray Allen,2024,Donruss Optic,Hyper Orange /299 #240,raw,0.00,2026-01-01,489
VTG0443,Jake Bloss,2025,Topps Chrome L/E,Rookie Autographs #RA-JB,raw,0.00,2026-01-01,489
VTG0444,Curtis Mead,2024,Topps Heritage,Rookies RC #176,raw,0.69,2026-03-20,485
VTG0445,Jackson Chourio,2024,Topps Heritage,Rookie Performers RC #RP-5,raw,0.69,2026-03-20,485
VTG0446,Bryce Harper,2020,Topps Chrome,Fire Preview #FP-7,raw,0.69,2026-03-20,485
VTG0447,Jose Fernandez,2013,Bowman Platinum,Top Prospects RC #TP-JF,raw,0.69,2026-03-20,485
VTG0448,Elly De La Cruz,2025,Topps,Training Grounds #TG-13,raw,0.69,2026-03-20,485
VTG0449,Jackson Merrill,2024,Donruss,Rated Prospect RC #102,raw,0.69,2026-03-20,485
VTG0450,Mickey Mantle,2024,Topps Heritage,HOF #190,raw,0.69,2026-03-20,485
VTG0451,Druw Jones,2024,Donruss,Rated Prospect RC #103,raw,0.69,2026-03-20,485
VTG0452,Michael Harris II,2023,Bowman,Spotlights RC #BS-3,raw,0.69,2026-03-20,485
VTG0453,Graig Nettles,1970,Topps,Vintage # 491,raw,0.00,2026-01-01,488
VTG0454,Jacob Misiorowski,2025,Donruss,Rate Prospects Red/Blue Laser # 128,raw,0.69,2026-03-20,485
VTG0455,Ronny Cruz,2025,Bowman Chrome,1st Bowman Mojo Refractor #455,raw,0.69,2026-03-20,485
VTG0456,Kendry Martinez,2025,Bowman Chrome,1st Bowman Laser Refractor #BCP-159,raw,0.69,2026-03-20,485
VTG0457,Wade Meckler,2024,Topps Series 2,RC #458,raw,0.69,2026-03-20,485
VTG0458,Jung-Hoo Lee,2024,Topps Series 2,RC #691,raw,0.69,2026-03-20,485
VTG0459,Dj Herz,2025,Topps Series 1,Silver Cracked Foilboard RC #287,raw,0.69,2026-03-20,485
VTG0460,Jordan Westburg,2024,Topps Stadium Club,Sepia RC #77,raw,0.69,2026-03-20,485
VTG0461,Cristian Mena,2025,Topps Series 1,Silver Cracked Foilboard RC #120,raw,0.69,2026-03-20,485
VTG0462,Yairo Padilla,2025,Bowman Chrome,1st Bowman #BCP-236,raw,0.69,2026-03-20,485
VTG0463,Cris Rodriguez,2025,Bowman Chrome,1st Bowman Mojo Refractor #BCP-250,raw,0.69,2026-03-20,485
VTG0464,Anthony Volpe,2020,Bowman,1st Bowman #BP-139,raw,0.69,2026-03-20,485
VTG0465,Drew Millas,2024,Topps Series 1,RC #530,raw,0.69,2026-03-20,485
VTG0466,Kevin Alvarez,2025,Bowman Chrome,1st Bowman Laser Refractor #BCP-227,raw,0.69,2026-03-20,485
VTG0467,Ayden Johnson,2025,Bowman Chrome,1st Bowman Mojo Refractor #BCP-197,raw,0.69,2026-03-20,485
VTG0468,Adrian Del Castillo,2025,Topps Chrome,Raywave Refractor RC #240,raw,0.69,2026-03-20,485
VTG0469,Shea Langeliers,2023,Topps Series 1,Rainbow Foil RC #127,raw,0.69,2026-03-20,485
VTG0470,Quinn Priester,2024,Topps Heritage,RC #172,raw,0.69,2026-03-20,485
VTG0471,Chandler Simpson,2025,Bowman Chrome,Mojo Refractor RC #18,raw,0.69,2026-03-20,485
VTG0472,Daryl Patterson,1969,Topps,Vintage #101,raw,0.69,2026-03-20,488
VTG0473,Fred Lynn,2024,Topps Heritage,The Fred Lynn Files #FLF-1,raw,0.69,2026-03-20,485
VTG0474,Tony Gwynn,2024,Panini Prizm,Blue Ice Prizm #76,raw,0.69,2026-03-20,485
VTG0475,Tyler Stephenson,2025,Topps,Silver Cracked Foilboard #31,raw,0.69,2026-03-20,485
VTG0476,Will Brennan,2025,Topps Series 1,Silver Cracked Foilboard #240,raw,0.69,2026-03-20,485
VTG0477,Fernando Tatis Jr,2024,Topps Heritage,New Age Performers #NAP-6,raw,0.69,2026-03-20,485
VTG0478,Sam Antonacci,2025,Topps Pro Debut,Chrome RC #PDC-109,raw,0.69,2026-03-20,485
VTG0479,Charlie Condon,2025,Bowman Chrome,Prospects RC #BCP-248,raw,0.69,2026-03-20,485
VTG0480,Nathan Eovaldi,2024,Topps Heritage,World Series Highlights #465,raw,0.69,2026-03-20,485
VTG0481,Corbin Carroll,2024,Topps Heritage,Quads RC #75TQ-10,raw,0.69,2026-03-20,485
VTG0482,Fred Lynn,2024,Topps Heritage,The Fred Lynn Files #FLF-3,raw,0.69,2026-03-20,485
VTG0483,Anthony Volpe,2024,Topps,Trading Day Rainbow Foil #NYY-6,raw,0.69,2026-03-20,485
VTG0485,Mick Abel,2026,Topps Heritage,Light Purple Border #292,raw,0.69,2026-04-15,485
VTG0486,Karros Winkler Prieto Bernabel,2026,Topps Heritage,Quad Rookies RC #394,raw,0.00,2026-04-15,489
VTG0487,Hurston Waldrep,2026,Topps Heritage,Burgandy Sparkle Refractor #145,raw,0.00,2026-04-15,489
VTG0488,Aaron Judge,2026,Topps Heritage,Chrome #10,raw,0.00,2026-04-15,489
VTG0489,George Foster,2026,Topps Heritage,Ready and Action #RA-GF,raw,0.00,2026-04-16,489
VTG0490,Andrew Hoffman,2026,Topps Heritage,RC #211,raw,0.00,2026-04-16,489
VTG0491,Bryson Stott,2025,Topps Heritage,Dark Green Border #135,raw,0.00,2026-04-17,489
VTG0492,Kyle Teel,2026,Topps Heritage,RC #182,raw,0.00,2026-04-17,489
VTG0493,Yoshinobu Yamamoto,2026,Topps Heritage,Base #371,raw,0.00,2026-04-18,489
VTG0494,Roman Anthony,2026,Topps Heritage,RC #86,raw,0.00,2026-04-17,489
VTG0495,Brandon Pfaadt,2026,Topps Heritage,Pink Sparkle Refractor #126,raw,0.00,2026-04-19,489
VTG0496,Elly De La Cruz,2026,Topps Heritage,Record Breakers #233,raw,0.00,2026-04-19,489
VTG0497,Luis Robert,2026,Topps Heritage,Chrome Blue Refractor /150 #166,raw,0.00,2026-04-19,489
VTG0498,Samuel Basallo,2026,Topps Heritage,RC #175,raw,0.00,2026-04-20,489
VTG0499,Darell Hernaiz,2026,Topps Heritage,Chrome Refractor #66,raw,0.00,2026-04-21,489
VTG0500,Ezequiel Tovar,2026,Topps Heritage,Dark Green Border #179,raw,0.00,2026-04-21,489
VTG0501,Bryce Eldridge,2026,Topps Heritage,RC #310,raw,0.00,2026-04-22,489
VTG0502,George Brett,2025,Topps Stadium Club,Pink Foil #99,raw,0.00,2026-04-23,489
VTG0503,Chase Meidroth,2025,Topps Stadium Club,Pink Foil RC #25,raw,0.00,2026-04-23,489
VTG0504,Francisco Lindor,2025,Topps Stadium Club,Lime Green Foil #181,raw,0.00,2026-04-23,489
VTG0505,Corey Seager,2025,Topps Stadium Club,Chrome Refractor #302,raw,0.00,2026-04-24,489
VTG0506,Matt Shaw,2025,Topps Stadium Club,Lime Green Foil RC #65,raw,0.00,2026-04-24,489
VTG0507,Ace Flagg,2026,Bowman Basketball,1st Bowman Prospects #BPP-91,raw,0.50,2026-04-24,489
VTG0508,Obi Toppin,2026,Bowman Basketball,Reptilian Refractor #BCV-162,raw,0.50,2026-04-24,489
VTG0509,Chaz Lanier,2026,Bowman Basketball,Red Rookie Variation RC #BRR-38,raw,0.50,2026-04-24,489
VTG0510,Adley Rutschman,2025,Topps Stadium Club,Sepia Foil #45,raw,0.00,2026-04-25,489
VTG0511,Mark McGwire,2025,Topps Allen & Ginter,Mini Black Bordered #2,raw,0.00,2026-04-26,489
VTG0512,Jacob Wilson,2025,Topps Allen & Ginter,Mini RC #105,raw,0.00,2026-04-24,489
VTG0513,Alirio Ferrebus,2025,Bowman Chrome,1st Bowman Mojo Refractor #BCP-198,raw,0.00,2026-04-24,489
VTG0514,Chase Meidroth,2025,Bowman Chrome,Mojo Refractor RC #71,raw,0.00,2026-04-27,489
VTG0515,Jose Anderson,2025,Bowman Chrome,Mojo Refractor 1st Bowman #BCP-193,raw,0.00,2026-04-27,489
VTG0516,Quintrevion Wisner,2025,Bowman University Chrome,Mini Blue Diamond Refractor /150 #169,raw,0.00,2026-04-27,489
VTG0517,Fred McGriff,2025,Topps Stadium Club,Savage Sluggers #SS-4,raw,0.00,2026-04-28,489
VTG0484,Victor Wembanyama,2023,Donruss Optic,Rated Rookie RC #225,PSA 10,143.94,2026-05-20,487
